route_order,stop_id,latitude,longitude,num_students,pickup_time
1,STOP_000,34.08601612136941,-118.30008454255817,9,07:00
2,STOP_006,34.05511314862809,-118.27055900670854,17,07:03
3,STOP_001,34.0533084017262,-118.24466934670478,78,07:06
4,STOP_008,34.03991074247185,-118.2479465522749,31,07:09
5,STOP_007,34.05172518219545,-118.22466321490955,19,07:12
6,STOP_003,34.02945964117724,-118.21726312244988,11,07:15
7,STOP_004,34.011256328468846,-118.2589428990777,8,07:18
8,STOP_005,34.07918752868782,-118.24213390562625,14,07:21
9,STOP_002,34.08321149226043,-118.21119223303025,13,07:24
